Date,rate,is_filled,ret_pct,iqr_outlier,suspect_tick,ma5,ma20,ma60,dev_ma20_pct,vol20_annual_pct
2024-09-05,1331.010009765625,False,,False,False,,,,,
2024-09-06,1332.7900390625,False,0.1337352299242589,False,False,,,,,
2024-09-09,1337.77001953125,False,0.373650786905122,False,False,,,,,
2024-09-10,1341.27001953125,False,0.2616294242583139,False,False,,,,,
2024-09-11,1343.3399658203125,False,0.15432733595177606,False,False,1337.2360107421875,,,,
2024-09-12,1339.1800537109375,False,-0.309669347687036,False,False,1338.87001953125,,,,
2024-09-13,1335.68994140625,False,-0.2606156128906023,False,False,1339.45,,,,
2024-09-16,1329.510009765625,False,-0.46267711158464175,False,False,1337.797998046875,,,,
2024-09-17,1319.1099853515625,False,-0.7822449126122732,False,False,1333.3659912109374,,,,
2024-09-18,1322.9300537109375,False,0.28959437816376,False,False,1329.2840087890625,,,,
2024-09-19,1322.260009765625,False,-0.05064847861252497,False,False,1325.9,,,,
2024-09-20,1327.6099853515625,False,0.40460843906833244,False,False,1324.2840087890625,,,,
2024-09-23,1331.5,False,0.29300884230751834,False,False,1324.6820068359375,,,,
2024-09-24,1333.6199951171875,False,0.15921855930811635,False,False,1327.5840087890624,,,,
2024-09-25,1324.8900146484375,False,-0.6546077968771713,False,False,1327.9760009765625,,,,
2024-09-26,1335.050048828125,False,0.7668586876913963,False,False,1330.5340087890625,,,,
2024-09-27,1313.300048828125,False,-1.629152406615142,True,False,1327.672021484375,,,,
2024-09-30,1309.300048828125,False,-0.30457624695661156,False,False,1323.23203125,,,,
2024-10-01,1315.3299560546875,False,0.46054433679731943,False,False,1319.5740234375,,,,
2024-10-02,1324.8399658203125,False,0.7230132425593228,False,False,1319.564013671875,1328.5150085449218,,-0.27662786652552507,
2024-10-03,1324.030029296875,False,-0.06113466866437545,False,False,1317.360009765625,1328.1660095214843,,-0.3114053661183114,8.987890148755389
2024-10-04,1334.4100341796875,False,0.7839705031708943,False,False,1321.5820068359376,1328.2470092773438,,0.46399689660863164,9.42566975544551
2024-10-07,1345.8800048828125,False,0.8595536910943613,False,False,1328.897998046875,1328.6525085449218,,1.2966141430581724,9.825184032857155
2024-10-08,1342.3699951171875,False,-0.26079663513023377,False,False,1334.306005859375,1328.7075073242188,,1.0282539774673527,9.838273557246909
2024-10-09,1341.31005859375,False,-0.07896008755358119,False,False,1337.6000244140625,1328.6060119628905,,0.9561936734043819,9.826445348226136
2024-10-10,1343.02001953125,False,0.1274843893508626,False,False,1341.3980224609375,1328.7980102539063,,1.0702912833701506,9.769467323613112
2024-10-11,1349.739990234375,False,0.5003626606750355,False,False,1344.464013671875,1329.5005126953124,,1.5223369487861849,9.856611334704366
2024-10-14,1348.3299560546875,False,-0.10446709661782183,False,False,1344.95400390625,1330.4415100097656,,1.3445496032960191,9.688057716231288
2024-10-15,1357.27001953125,False,0.663047159667185,False,False,1347.9340087890625,1332.34951171875,,1.8704182043308037,9.35012379786761
2024-10-16,1363.1800537109375,False,0.43543540302530825,False,False,1352.3080078125,1334.36201171875,,2.159686931964422,9.394398505830106
2024-10-17,1364.199951171875,False,0.07481751645066481,False,False,1356.543994140625,1336.4590087890624,,2.075704694298719,9.369088996530479
2024-10-18,1370.050048828125,False,0.4288299271103746,False,False,1360.606005859375,1338.5810119628907,,2.3509250903752443,9.377938223210075
2024-10-21,1369.010009765625,False,-0.07591248680218765,False,False,1364.7420166015625,1340.4565124511719,,2.1301323130759275,9.399489035980295
2024-10-22,1376.5,False,0.5471099685865122,False,False,1368.5880126953125,1342.6005126953125,,2.524912435541471,9.509835592190157
2024-10-23,1376.6300048828125,False,0.009444597371044416,False,False,1371.2780029296875,1345.1875122070312,,2.3374059296903615,9.03563409296226
2024-10-24,1377.3399658203125,False,0.051572385824938394,False,False,1373.906005859375,1347.3020080566407,,2.229489571309906,8.786701684762942
2024-10-25,1376.3199462890625,False,-0.0740572085732305,False,False,1375.1599853515625,1350.4530029296875,,1.9154271420966928,5.828849423249135
2024-10-28,1387.6600341796875,False,0.8239427119545173,False,False,1378.889990234375,1354.3710021972656,,2.4578960955613516,5.81909926165
2024-10-29,1381.969970703125,False,-0.4100473701345808,False,False,1379.983984375,1357.7030029296875,,1.787354651280415,6.285887419790428
2024-10-30,1383.1800537109375,False,0.0875621781562197,False,False,1381.293994140625,1360.6200073242187,,1.6580710459406678,6.049465576325417
2024-10-31,1378.5699462890625,False,-0.33329770838630424,False,False,1381.539990234375,1363.3470031738282,,1.116586098755179,6.287520915350697
2024-11-01,1372.9300537109375,False,-0.4091118186136944,False,False,1380.86201171875,1365.2730041503905,,0.5608438412881389,6.250980747349001
2024-11-04,1379.3399658203125,False,0.46687827191556064,False,False,1379.197998046875,1366.9460021972657,,0.9066900669905342,5.792678419665762
2024-11-05,1372.8599853515625,False,-0.46978849517321786,False,False,1377.3760009765624,1368.4705017089843,,0.3207583676152703,6.01962401822406
2024-11-06,1378.0,False,0.37440195673859034,False,False,1376.339990234375,1370.304998779297,,0.5615539042445272,6.042898023476397
2024-11-07,1399.800048828125,False,1.582006446162909,True,False,1380.5860107421875,1373.1440002441407,,1.941242038653268,7.928191918097353
2024-11-08,1372.0799560546875,False,-1.9802894561008255,True,False,1380.4159912109376,1374.2609985351562,,-0.15870656904282132,11.008293906420155
2024-11-11,1397.199951171875,False,1.8307967408414116,True,False,1383.98798828125,1376.7044982910156,,1.4887329057398757,12.596700633073313
2024-11-12,1400.550048828125,False,0.23977224257989427,False,False,1389.5260009765625,1378.8684997558594,,1.5724160118317787,12.470917778416274
2024-11-13,1406.6500244140625,False,0.43554142110391325,False,False,1395.256005859375,1381.0419982910157,,1.8542539730678431,12.470948839877524
2024-11-14,1399.0,False,-0.5438470324023226,False,False,1395.09599609375,1382.782000732422,,1.1728529340841787,12.717909568990072
2024-11-15,1400.8299560546875,False,0.13080457860525918,False,False,1400.84599609375,1384.32099609375,,1.1925673313864404,12.668647541064416
2024-11-18,1394.3499755859375,False,-0.46258151753124643,False,False,1400.2760009765625,1385.5879943847656,,0.6323655543120088,12.81905587566889
2024-11-19,1389.5,False,-0.3478305784671787,False,False,1398.0659912109375,1386.2379943847657,,0.23531353407191258,12.793870842020517
2024-11-20,1392.1600341796875,False,0.19143822811713562,False,False,1395.1679931640624,1387.0144958496094,,0.37097941986008465,12.802508592777336
2024-11-21,1397.6199951171875,False,0.39219348375543195,False,False,1394.8919921875,1388.028497314453,,0.6910159136712224,12.856797988792604
2024-11-22,1399.5999755859375,False,0.1416680124545655,False,False,1394.64599609375,1389.1924987792968,,0.7491745611775125,12.846153310923748
2024-11-25,1403.510009765625,False,0.2793679799866,False,False,1396.4780029296876,1389.9849975585937,,0.9730329630022627,12.574376077700462
2024-11-26,1395.56005859375,False,-0.5664335214255134,False,False,1397.6900146484375,1390.664501953125,,0.352030028360506,12.663810749013562
2024-11-27,1395.27001953125,False,-0.020782986781109347,False,False,1398.31201171875,1391.2690002441407,1360.1346720377603,0.28758056755431305,12.665610794031535
2024-11-28,1388.469970703125,False,-0.487364361946907,False,False,1396.4820068359375,1391.7640014648437,1361.0923380533854,-0.23668026750596205,12.738489998146072
2024-11-29,1393.300048828125,False,0.3478705500957968,False,False,1395.222021484375,1392.7825012207031,1362.1008382161458,0.03715925544500731,12.668635171875751
2024-12-02,1399.8599853515625,False,0.4708200885340519,False,False,1394.4920166015625,1393.8085021972656,1363.1356709798176,0.4341689080499256,12.670253020257237
2024-12-03,1401.06005859375,False,0.0857280910051994,False,False,1395.5920166015626,1395.218505859375,1364.1321716308594,0.4186837194204873,12.504716392816112
2024-12-04,1411.6700439453125,False,0.7572826936635302,False,False,1398.872021484375,1396.9020080566406,1365.2710062662761,1.0571991308980344,12.68678970819095
2024-12-05,1410.800048828125,False,-0.061628786480161235,False,False,1403.338037109375,1397.4520080566406,1366.4646728515625,0.9551698873757175,11.463731877633924
2024-12-06,1399.989990234375,False,-0.7662360518579048,False,False,1404.676025390625,1398.847509765625,1367.5363403320312,0.08167298156331881,9.212714107934083
2024-12-09,1424.219970703125,False,1.7307252650208937,True,False,1409.5480224609375,1400.1985107421874,1369.1148396809897,1.7155753114038719,8.967274728208405
2024-12-10,1426.5999755859375,False,0.1671093603355045,False,False,1414.656005859375,1401.5010070800781,1370.906339518229,1.7908633942512298,8.955667449540021
2024-12-11,1433.949951171875,False,0.515209288638796,False,False,1419.1119873046875,1402.8660034179688,1372.7566711425782,2.215746028357146,9.000354406069407
2024-12-12,1429.1500244140625,False,-0.33473460868629346,False,False,1422.781982421875,1404.3735046386719,1374.5381713867187,1.7642400467933417,8.831695051098116
2024-12-13,1427.8599853515625,False,-0.0902661750314726,False,False,1428.3559814453124,1405.7250061035156,1376.209004720052,1.5746308240899953,8.858987948642065
2024-12-16,1434.449951171875,False,0.4615274528258384,False,False,1430.4019775390625,1407.7300048828124,1377.9248372395834,1.8980874312817475,8.69038204706572
2024-12-17,1431.3499755859375,False,-0.21610900982672598,False,False,1431.3519775390625,1409.8225036621093,1379.5536702473958,1.526963278562321,8.603799317958774
2024-12-18,1436.4200439453125,False,0.35421584139823103,False,False,1431.84599609375,1412.0355041503906,1381.4125040690103,1.7269069880501364,8.633580343243958
2024-12-19,1451.5,False,1.0498291302917462,False,False,1436.3159912109375,1414.7295043945312,1383.3533365885417,2.5991184527678124,9.169149239400468
2024-12-20,1437.449951171875,False,-0.9679675389683062,False,False,1438.233984375,1416.622003173828,1385.422501627604,1.4702544469437528,10.05168589001019
2024-12-23,1445.4200439453125,False,0.5544605408306591,False,False,1440.4280029296874,1418.7175048828126,1387.6911682128907,1.8821603998398162,10.150882150586414
2024-12-24,1442.699951171875,False,-0.1881870107469208,False,False,1442.697998046875,1421.0744995117188,1389.8140014648438,1.521767624961723,9.882467818444947
2024-12-25,1453.4200439453125,False,0.7430576790918852,False,False,1446.097998046875,1423.982000732422,1391.9570027669272,2.067304446106011,10.059227259397836
2024-12-26,1457.6099853515625,False,0.2882815207967182,False,False,1447.3199951171875,1427.4390014648438,1394.1833353678385,2.113644355783828,9.7209598527893
2024-12-27,1466.989990234375,False,0.6435195269707261,False,False,1453.2280029296876,1431.1234985351562,1396.3930013020833,2.506177261146947,9.818593471306892
2024-12-30,1472.800048828125,False,0.39605304960681487,False,False,1458.70400390625,1434.7705017089843,1398.5083353678385,2.650566559170464,9.800855138515734
2024-12-31,1467.3900146484375,False,-0.3673298479309639,False,False,1463.6420166015625,1438.0869995117187,1400.592002360026,2.037638553624932,10.034465644703735
2025-01-01,1467.3900146484375,True,0.0,False,False,1466.4360107421876,1440.872998046875,1402.6933349609376,1.8403437802989364,9.8688101753087
2025-01-02,1473.52001953125,False,0.41774884806484724,False,False,1469.618017578125,1444.0089965820312,1404.8683349609375,2.043686917399512,9.84978564878852
2025-01-03,1471.6500244140625,False,-0.12690666515561277,False,False,1470.5500244140626,1447.5919982910157,1406.9001688639323,1.6619341742320382,9.24394438962
2025-01-06,1465.530029296875,False,-0.4158594105704072,False,False,1469.0960205078125,1449.6575012207031,1408.8535034179688,1.0949157344273486,7.699431517415606
2025-01-07,1459.449951171875,False,-0.4148722989945841,False,False,1467.5080078125,1451.3,1410.556502278646,0.5615621285657735,7.949525751286372
2025-01-08,1451.8800048828125,False,-0.5186848841910674,False,False,1464.406005859375,1452.1965026855469,1412.0348347981771,-0.021794419842569024,8.104934126199403
2025-01-09,1457.969970703125,False,0.4194537978229107,False,False,1461.29599609375,1453.6375,1413.5976684570312,0.2980434051216285,8.055559932295722
2025-01-10,1455.22998046875,False,-0.18793187030139435,False,False,1458.0119873046874,1455.0059997558594,1415.017333984375,0.015393799951901599,8.093701372576453
2025-01-13,1472.25,False,1.1695759268076422,False,False,1459.3559814453124,1456.8960021972657,1416.7380004882812,1.0538842703650575,8.870516478206612
2025-01-14,1458.8900146484375,False,-0.9074535813593188,False,False,1459.243994140625,1458.2730041503905,1418.1111673990886,0.042311041642473235,9.543857592060698
2025-01-15,1460.43994140625,False,0.10624013751894257,False,False,1460.9559814453125,1459.4739990234375,1419.5079996744792,0.06618428169729018,9.495704855054472
2025-01-16,1437.219970703125,False,-1.5899298591331767,True,False,1456.8059814453125,1458.7599975585938,1420.5059997558594,-1.476598404913665,10.506408338848745
2025-01-17,1453.3199462890625,False,1.1202165231576133,False,False,1456.423974609375,1459.5534973144531,1421.7893330891927,-0.4270861627792444,10.69259759910576
2025-01-20,1457.3800048828125,False,0.2793644031458431,False,False,1453.4499755859374,1460.1514953613282,1422.9513326009114,-0.18980841969619133,10.566721452123087
2025-01-21,1435.530029296875,False,-1.4992641255356376,True,False,1448.777978515625,1459.7929992675781,1423.8440002441407,-1.6620829105822965,11.88971485821772
2025-01-22,1425.7900390625,False,-0.6784943564813961,False,False,1441.847998046875,1458.4114990234375,1424.5541666666666,-2.2367802216851085,11.746038469773705
2025-01-23,1434.3399658203125,False,0.5996623993413719,False,False,1441.2719970703124,1457.247998046875,1425.4836669921874,-1.5720064297405578,11.930757992626269
2025-01-24,1433.9300537109375,False,-0.028578448564708925,False,False,1437.3940185546876,1455.5950012207031,1426.500333658854,-1.4883911727916588,11.626508617195038
2025-01-27,1427.6300048828125,False,-0.4393553794218019,False,False,1431.4440185546875,1453.3364990234375,1427.3051676432292,-1.7687916155617267,11.520639605571064
2025-01-28,1417.9200439453125,False,-0.680145479171057,False,False,1427.922021484375,1450.8630004882812,1428.0561686197916,-2.27057665209478,11.650561078421735
2025-01-29,1443.260009765625,False,1.7871223365885314,True,False,1431.416015625,1449.6565002441407,1429.1438354492188,-0.44124180296769566,13.56384031464538
2025-01-30,1443.3199462890625,False,0.0041528569372006885,False,False,1433.21201171875,1448.1464965820312,1429.8691670735677,-0.33329157680942467,13.44168076894146
2025-01-31,1441.6600341796875,False,-0.11500652462005378,False,False,1434.7580078125,1446.6469970703124,1431.0288350423177,-0.34472562420025943,13.44143219009824
2025-02-03,1456.780029296875,False,1.0487906135090208,False,False,1440.5880126953125,1446.2094970703124,1432.021836344401,0.7309129312161211,13.978915571264524
2025-02-04,1459.050048828125,False,0.15582445431694403,False,False,1448.814013671875,1446.189501953125,1432.9968363444011,0.8892712094529465,13.915128003357724
2025-02-05,1450.1600341796875,False,-0.6093015558703896,False,False,1450.1940185546875,1446.1035034179688,1433.7220031738282,0.280514551837463,13.963756761307975
2025-02-06,1443.8900146484375,False,-0.43236742038590403,False,False,1450.3080322265625,1445.3995056152344,1434.4701700846354,-0.10443416930285832,13.949921378216086
2025-02-07,1442.1500244140625,False,-0.12050711735122066,False,False,1450.4060302734374,1444.7455078125,1435.158837890625,-0.1796498680495806,13.942799941209405
2025-02-10,1450.6199951171875,False,0.5873155053037094,False,False,1449.1740234375,1443.6640075683595,1436.0966715494792,0.4818287019944689,13.415233716203309
2025-02-11,1453.2099609375,False,0.17854199094389234,False,False,1448.006005859375,1443.3800048828125,1437.1585042317708,0.6810372889629601,13.066014147664252
2025-02-12,1450.75,False,-0.1692777371215537,False,False,1448.1239990234376,1442.8955078125,1438.1350036621093,0.5443562714674943,13.068347799075795
2025-02-13,1452.1199951171875,False,0.09443357692142662,False,False,1449.7699951171876,1443.6405090332032,1439.0433369954428,0.587368256219345,11.697610426721669
2025-02-14,1438.739990234375,False,-0.9214117929512211,False,False,1449.08798828125,1442.9115112304687,1439.6956705729167,-0.2891044228024997,11.472554211118771
2025-02-17,1432.5999755859375,False,-0.4267633269467441,False,False,1445.483984375,1441.672509765625,1440.1805033365886,-0.6293061786384668,11.479181924560175
2025-02-18,1441.2900390625,False,0.6065938590434694,False,False,1443.1,1441.9605102539062,1440.9426696777343,-0.04649719507839878,10.418615304137996
2025-02-19,1440.0799560546875,False,-0.08395832726351138,False,False,1440.9659912109375,1442.6750061035157,1441.689501953125,-0.1798776604466923,10.097175117737065
2025-02-20,1439.97998046875,False,-0.0069423635484344715,False,False,1438.53798828125,1442.9570068359376,1442.5480021158853,-0.20631428054225243,9.888049424510353
2025-02-21,1431.699951171875,False,-0.5750100285546789,False,False,1437.12998046875,1442.8455017089843,1443.1880004882812,-0.7724701309951731,10.112417738050803
2025-02-24,1434.2900390625,False,0.18090996570230278,False,False,1437.4679931640626,1443.1785034179688,1443.7618347167968,-0.615895007749756,9.998809186528574
2025-02-25,1428.6500244140625,False,-0.3932269272485467,False,False,1434.939990234375,1443.7150024414063,1444.2216674804688,-1.043486976437047,9.77985277218481
2025-02-26,1429.5,False,0.05949501777289257,False,False,1432.8239990234374,1443.027001953125,1444.5188334147135,-0.9374046317093376,7.291308119843379
2025-02-27,1434.4200439453125,False,0.34417935958814816,False,False,1431.71201171875,1442.5820068359376,1444.9125,-0.5657884856422823,7.421611125607205
2025-02-28,1449.8599853515625,False,1.0763891282349336,False,False,1435.3440185546874,1442.9920043945312,1445.7436665852865,0.4759541935170253,8.383013008066714
2025-03-03,1459.800048828125,False,0.6855878206854626,False,False,1440.4460205078126,1443.1430053710938,1446.3366678873697,1.1542198794601166,7.881532317945175
2025-03-04,1457.9300537109375,False,-0.12809940092060046,False,False,1446.3020263671874,1443.0870056152344,1446.8588358561199,1.0285622445456832,7.877022867555858
2025-03-05,1452.8499755859375,False,-0.3484445712652273,False,False,1450.972021484375,1443.221502685547,1447.1738362630208,0.6671514304958714,7.662065512507785
2025-03-06,1443.030029296875,False,-0.6759091753504753,False,False,1452.6940185546875,1443.1785034179688,1447.4051696777344,-0.010287994225399721,7.893972371930424
2025-03-07,1446.5,False,0.24046420605783325,False,False,1452.022021484375,1443.3960021972657,1447.7158365885416,0.21504824718989735,7.925905912715107
2025-03-10,1446.260009765625,False,-0.01659109812478521,False,False,1449.314013671875,1443.1780029296874,1447.9126708984375,0.21355694375060352,7.633282475620199
2025-03-11,1457.030029296875,False,0.7446807253555621,False,False,1449.1340087890626,1443.3690063476563,1448.3406717936198,0.9464678047775843,8.07442002728369
2025-03-12,1451.02001953125,False,-0.4124835895472412,False,False,1448.768017578125,1443.3825073242188,1448.584004720052,0.529139861975314,8.193059070868056
2025-03-13,1448.75,False,-0.1564430194411326,False,False,1449.91201171875,1443.2140075683594,1448.5381713867187,0.3835877702550894,8.203987728613985
2025-03-14,1453.22998046875,False,0.3092307484900747,False,False,1451.2580078125,1443.9385070800781,1448.801171875,0.6434812385093247,7.526404988763594
2025-03-17,1449.050048828125,False,-0.28763042992525634,False,False,1451.816015625,1444.7610107421874,1448.8616719563802,0.2968683439023678,7.424737982677574
2025-03-18,1442.489990234375,False,-0.45271442480921964,False,False,1448.9080078125,1444.8210083007812,1448.858172607422,-0.1613361138171454,7.338549391128136
2025-03-19,1448.93994140625,False,0.44714009910231667,False,False,1448.4919921875,1445.2640075683594,1448.7835042317708,0.2543434153650104,7.493505630827884
2025-03-20,1443.3900146484375,False,-0.3830335957490494,False,False,1447.4199951171875,1445.4345092773438,1448.546504720052,-0.14144498528185778,7.636794321070539
2025-03-21,1465.8199462890625,False,1.5539758078545463,True,False,1449.93798828125,1447.1405090332032,1448.5270039876302,1.2907825563074349,9.067967733530322
2025-03-24,1464.780029296875,False,-0.07094438814400084,False,False,1453.083984375,1448.6650085449219,1448.3933369954427,1.112404914655829,9.08934298692687
2025-03-25,1466.27001953125,False,0.10172109153414599,False,False,1457.839990234375,1450.5460083007813,1448.3746704101563,1.0840063769427255,8.895962187898277
2025-03-26,1462.0899658203125,False,-0.2850807597003069,False,False,1460.4699951171874,1452.1755065917969,1448.2863362630208,0.6827314731250755,9.016239901979354
2025-03-27,1465.6800537109375,False,0.24554493735347016,False,False,1464.9280029296874,1453.738507080078,1448.1556701660156,0.821437044743667,8.989644338832019
2025-03-28,1461.8900146484375,False,-0.25858570244604584,False,False,1464.1420166015625,1454.3400085449218,1447.9930033365886,0.5191362445615022,8.30811509826074
2025-03-31,1469.4100341796875,False,0.5144039193029526,False,False,1465.068017578125,1454.8205078125,1448.0576700846354,1.0028403015245324,8.15318122336266
2025-04-01,1471.9599609375,False,0.17353405097957353,False,False,1466.206005859375,1455.5220031738281,1448.2661702473958,1.1293513755084472,8.143910135909005
2025-04-02,1469.969970703125,False,-0.13519323128242666,False,False,1467.7820068359374,1456.3780029296875,1448.5676696777343,0.9332719765126729,8.040349265692438
2025-04-03,1466.0400390625,False,-0.2673477498826182,False,False,1467.85400390625,1457.5285034179688,1448.7021708170573,0.5839704420580016,7.666619134983706
2025-04-04,1450.6800537109375,False,-1.047719362520605,False,False,1465.61201171875,1457.7375061035157,1448.626338704427,-0.48413739531492084,8.614549207049933
2025-04-07,1458.52001953125,False,0.5404338331017389,False,False,1463.4340087890625,1458.3505065917968,1448.3975056966146,0.011623607540633962,8.811412915230896
2025-04-08,1469.949951171875,False,0.7836664212739652,False,False,1463.0320068359374,1458.9965026855468,1448.5818379720051,0.7507522099036157,8.853535540261612
2025-04-09,1486.1300048828125,False,1.1007214019796097,False,False,1466.264013671875,1460.752001953125,1449.0100056966146,1.737324535291096,9.425928195727604
2025-04-10,1443.949951171875,False,-2.8382479037736386,True,False,1461.84599609375,1460.5119995117188,1449.1221720377605,-1.133989200046348,14.114721163081983
2025-04-11,1452.0400390625,False,0.5602748131304125,False,False,1462.1179931640625,1460.4525024414063,1449.1008402506511,-0.5760175948785307,14.21843794470661
2025-04-14,1419.050048828125,False,-2.271975244957758,True,False,1454.2239990234375,1458.9525024414063,1448.4620076497397,-2.7350070373441726,16.337220603275643
2025-04-15,1419.4200439453125,False,0.026073436767992675,False,False,1444.118017578125,1457.799005126953,1448.1935078938802,-2.6326647944377113,16.28824167855928
2025-04-16,1427.02001953125,False,0.535428227772039,False,False,1432.2960205078125,1456.7030090332032,1448.2140075683594,-2.0376829949471653,16.328781573413732
2025-04-17,1414.22998046875,False,-0.896276077941871,False,False,1426.3520263671876,1455.2450073242187,1447.8788411458333,-2.8184275946002812,16.558826439473656
2025-04-18,1414.22998046875,True,0.0,False,False,1418.7900146484376,1452.665509033203,1447.5505065917969,-2.645862266670951,15.38101166912161
2025-04-21,1414.22998046875,True,0.0,False,False,1417.8260009765625,1450.138006591797,1447.3271728515624,-2.4761799194160994,15.389404702207027
2025-04-22,1421.6400146484375,False,0.5239624588662339,False,False,1418.2699951171876,1447.9065063476562,1447.3891723632812,-1.8141013652515414,15.560657026429533
2025-04-23,1429.219970703125,False,0.5331839267736171,False,False,1418.7099853515624,1446.263006591797,1447.1551717122395,-1.1784188498905834,15.736408062816713
2025-04-24,1426.449951171875,False,-0.19381337988771952,False,False,1421.1539794921875,1444.3015014648438,1446.874005126953,-1.235998873840627,15.68234106776621
2025-04-25,1430.06005859375,False,0.2530833569666546,False,False,1424.3199951171875,1442.7100036621093,1446.6806722005208,-0.8768182820004911,15.732169990888574
2025-04-28,1437.3599853515625,False,0.510462949716306,False,False,1428.94599609375,1441.1075012207032,1446.3570048014324,-0.2600441581191104,15.730117159318334
2025-04-29,1435.8800048828125,False,-0.10296519200706511,False,False,1431.793994140625,1439.3035034179688,1445.9708374023437,-0.2378580005555797,15.695648897784292
2025-04-30,1431.1600341796875,False,-0.3287162358326934,False,False,1432.1820068359375,1437.3630065917969,1445.654170735677,-0.4315522511475711,15.713268358935716
2025-05-01,1423.75,False,-0.5177641914752562,False,False,1431.6420166015625,1435.2485046386719,1445.3185038248698,-0.8011507834015608,15.767561538713583
2025-05-02,1435.0999755859375,False,0.7971888032265229,False,False,1432.65,1434.469500732422,1445.2010030110678,0.04395177821443497,15.72112519163426
2025-05-05,1398.9000244140625,False,-2.522468942074574,True,False,1424.9580078125,1431.4885009765626,1444.339003499349,-2.2765447672313255,17.81705917903092
2025-05-06,1374.3699951171875,False,-1.75352268702329,True,False,1412.656005859375,1426.7095031738281,1443.0250040690105,-3.6685469564902484,18.22615728992016
2025-05-07,1374.77001953125,False,0.02910602061190204,False,False,1401.3780029296875,1421.14150390625,1441.758671061198,-3.2629744643682512,17.493233963107475
2025-05-08,1397.2900390625,False,1.6380935873862468,True,False,1396.0860107421875,1418.8085083007813,1440.8448384602864,-1.516657752782491,16.338032285603138
2025-05-09,1403.8499755859375,False,0.4694756521587129,False,False,1389.8360107421875,1416.3990051269532,1440.263338216146,-0.8859812450864313,16.288114690595492
2025-05-12,1395.1700439453125,False,-0.6182948172223424,False,False,1389.0900146484375,1415.2050048828125,1439.6395060221355,-1.4156931941573414,14.396946558712648
2025-05-13,1416.030029296875,False,1.4951571990876378,True,False,1397.422021484375,1415.0355041503906,1439.218505859375,0.07028269916673491,15.447773515407702
2025-05-14,1416.0,False,-0.0021206680828611546,False,False,1405.668017578125,1414.4845031738282,1438.8171732584635,0.10714128170166148,15.314496776604695
2025-05-15,1407.3299560546875,False,-0.6122912390757462,False,False,1407.6760009765626,1414.139501953125,1438.2730061848958,-0.48153282537066744,15.13462015198938
2025-05-16,1397.02001953125,False,-0.7325884366407132,False,False,1406.310009765625,1413.27900390625,1437.6950073242188,-1.1504440616510014,15.343667463093505
2025-05-19,1398.1300048828125,False,0.07945378992741947,False,False,1406.902001953125,1412.4740051269532,1437.0923400878905,-1.0155231311921753,15.350155156301046
2025-05-20,1388.550048828125,False,-0.6851978014369653,False,False,1401.406005859375,1410.8195068359375,1436.4240071614583,-1.5784767576510594,15.347668169370337
2025-05-21,1392.72998046875,False,0.30102851850049017,False,False,1396.752001953125,1408.9950073242187,1435.811173502604,-1.1543707941419235,15.239726519379726
2025-05-22,1373.8599853515625,False,-1.3548925765808795,False,False,1390.0580078125,1406.3655090332031,1434.8018391927083,-2.3113140554752665,15.854332894348723
2025-05-23,1381.3399658203125,False,0.5444499838777928,False,False,1386.9219970703125,1403.9295043945312,1433.6598388671875,-1.6090222837763402,15.993721237823591
2025-05-26,1364.72998046875,False,-1.2024545559064181,False,False,1380.2419921875,1400.2980041503906,1432.0753377278645,-2.5400324485373327,16.184142457680824
2025-05-27,1368.0999755859375,False,0.2469349369777829,False,False,1376.1519775390625,1396.909002685547,1430.5781697591146,-2.0623410003245968,16.274845970706238
2025-05-28,1374.800048828125,False,0.4897356451832424,False,False,1372.5659912109375,1394.0910034179688,1429.2773376464843,-1.383765804567072,16.47143599730882
2025-05-29,1373.5999755859375,False,-0.08729074771348655,False,False,1372.5139892578125,1391.5835021972657,1428.1201700846354,-1.2923066839275354,16.430573250628218
2025-05-30,1370.4100341796875,False,-0.23223219736074885,False,False,1370.3280029296875,1388.3490051269532,1426.8520039876303,-1.2921081717219507,16.02483591711217
2025-06-02,1381.989990234375,False,0.844999362662957,False,False,1373.7800048828126,1387.5035034179687,1425.7808369954428,-0.39736931618634674,13.946209708117939
2025-06-03,1376.0699462890625,False,-0.4283709713634454,False,False,1375.3739990234376,1387.5885009765625,1424.431502278646,-0.8301131552613361,12.529640005078726
2025-06-04,1377.719970703125,False,0.11990846966116742,False,False,1375.9579833984376,1387.7359985351563,1423.209834798177,-0.7217531174952496,12.535703806715166
2025-06-05,1361.0899658203125,False,-1.2070671280409284,False,False,1373.4559814453125,1385.9259948730469,1421.7488342285155,-1.7920169723787738,11.685144338310106
2025-06-06,1354.550048828125,False,-0.4804911619670893,False,False,1370.283984375,1383.4609985351562,1420.1041687011718,-2.089755312050201,11.525743153244198
2025-06-09,1359.18994140625,False,0.34254124328141344,False,False,1365.723974609375,1381.6619934082032,1418.6065002441405,-1.626450760690068,11.541414867692064
2025-06-10,1353.8499755859375,False,-0.39287855638393543,False,False,1361.27998046875,1378.5529907226562,1417.1291666666666,-1.791952525798013,9.83998236071819
2025-06-11,1363.8800048828125,False,0.740852345366716,False,False,1358.5119873046874,1375.9469909667969,1415.7115010579428,-0.876994983324586,10.398207360612636
2025-06-12,1365.68994140625,False,0.13270496795596554,False,False,1359.431982421875,1373.864990234375,1414.4164998372396,-0.595040188536311,10.328485373106968
2025-06-13,1349.7900390625,False,-1.1642395438146047,False,False,1358.47998046875,1371.5034912109375,1412.4826680501303,-1.5831860646060791,10.757248273996456
2025-06-16,1365.1400146484375,False,1.1372120953417886,False,False,1359.6699951171875,1369.8539916992188,1410.822001139323,-0.34412259111892274,11.696354217706771
2025-06-17,1357.780029296875,False,-0.5391377640818651,False,False,1360.456005859375,1368.3154907226562,1409.0138346354167,-0.7699584998644649,11.613399233927257
2025-06-18,1380.5,False,1.6733174897918035,True,False,1363.7800048828126,1367.7039916992187,1407.6540018717449,0.935583165541809,13.1734827803517
2025-06-19,1370.75,False,-0.7062658457080762,False,False,1364.7920166015624,1367.5484924316406,1406.0718343098958,0.23410559743053394,12.499286702576276
2025-06-20,1374.8900146484375,False,0.30202550781961435,False,False,1369.81201171875,1367.2259948730468,1404.6218343098958,0.5605525205145234,12.386184481051275
2025-06-23,1369.469970703125,False,-0.39421654732858524,False,False,1370.6780029296874,1367.4629943847656,1402.9561665852864,0.14676640805642016,11.675106192103392
2025-06-24,1361.93994140625,False,-0.549849902368349,False,False,1371.5099853515626,1367.1549926757812,1401.122499593099,-0.3814528197219502,11.811388733267247
2025-06-25,1353.780029296875,False,-0.599138909234842,False,False,1366.1659912109376,1366.1039916992188,1399.1860005696615,-0.9021247633582252,11.820607563323126
2025-06-26,1357.030029296875,False,0.2400685436088068,False,False,1363.4219970703125,1365.2754943847656,1397.3691670735677,-0.603941484469861,11.872865129766028
2025-06-27,1352.760009765625,False,-0.3146591776942764,False,False,1358.99599609375,1364.3929931640625,1395.737166341146,-0.8526123673107122,11.892495998289332
2025-06-30,1363.5899658203125,False,0.8005822153601239,False,False,1357.8199951171875,1363.4729919433594,1394.1549987792969,0.008579112138207279,11.848523681440733
2025-07-01,1348.5,False,-1.1066351468224989,False,False,1355.1320068359375,1362.0944946289062,1392.1308329264323,-0.9980581143608447,12.358534079216785
2025-07-02,1355.5899658203125,False,0.525766838732844,False,False,1355.493994140625,1360.9879943847657,1389.955165608724,-0.3966257297437381,12.536256420951418
2025-07-03,1354.75,False,-0.061963118752073054,False,False,1355.03798828125,1360.67099609375,1388.4684997558593,-0.4351526644389647,11.806059449065067
2025-07-04,1357.0999755859375,False,0.1734619365888479,False,False,1355.9059814453126,1360.7984924316406,1386.8861653645833,-0.27179019276353245,11.695976116119544
2025-07-07,1362.199951171875,False,0.37579954886783895,False,False,1355.627978515625,1360.948992919922,1385.9386637369792,0.09191808498782983,11.709031747557535
2025-07-08,1374.6400146484375,False,0.9132332933840193,False,False,1360.8559814453124,1361.9884948730469,1385.1923299153646,0.9289006348449202,12.021303132448033
2025-07-09,1370.300048828125,False,-0.3157165348065649,False,False,1363.797998046875,1362.3094970703125,1384.2469970703125,0.5865445242066114,11.833275711331217
2025-07-10,1373.0,False,0.19703357481333228,False,False,1367.447998046875,1362.675,1383.5598307291666,0.757700845762943,11.843159880628399
2025-07-11,1372.6400146484375,False,-0.02621888940731454,False,False,1370.556005859375,1363.8174987792968,1382.8666646321615,0.6468985679563,10.97941661366569
2025-07-14,1378.1700439453125,False,0.4028754253016187,False,False,1373.7500244140624,1364.4690002441407,1382.2656656901042,1.0041300827442923,10.337789944918857
2025-07-15,1382.010009765625,False,0.27862786868591005,False,False,1375.2240234375,1365.6804992675782,1381.605165608724,1.1957050354606702,10.12554823986538
2025-07-16,1386.449951171875,False,0.3212669499407683,False,False,1378.45400390625,1365.9779968261719,1380.8923319498697,1.4987030825730274,8.293917100274616
2025-07-17,1384.9200439453125,False,-0.11034709368841211,False,False,1380.8380126953125,1366.6864990234376,1380.2001668294272,1.3341424631694077,7.8574023323494435
2025-07-18,1391.5799560546875,False,0.48088784175601695,False,False,1384.6260009765624,1367.52099609375,1379.5588317871093,1.7593119249840194,7.957718397975988
2025-07-21,1390.5699462890625,False,-0.07258007426957924,False,False,1387.1059814453124,1368.575994873047,1378.7789978027345,1.6070683322233492,7.793605688914688
2025-07-22,1381.8199462890625,False,-0.6292383941815083,False,False,1387.06796875,1369.5699951171875,1377.877996826172,0.894437758971689,7.882962040008695
2025-07-23,1379.780029296875,False,-0.14762538329727848,False,False,1385.733984375,1370.8699951171875,1377.0216634114583,0.6499547157224006,7.526734523505231
2025-07-24,1373.719970703125,False,-0.43920468952127756,False,False,1383.4939697265625,1371.7044921875,1376.1878295898437,0.14693241343921581,7.737814424051909
2025-07-25,1372.0,False,-0.12520533586219962,False,False,1379.577978515625,1372.6664916992188,1375.136163330078,-0.0485545253161801,7.64406775637726
2025-07-28,1382.780029296875,False,0.7857164210550271,False,False,1378.0199951171876,1373.625994873047,1374.8674967447917,0.6664138898065941,7.625427762548909
2025-07-29,1388.2900390625,False,0.39847333985774114,False,False,1379.314013671875,1375.615496826172,1375.0994974772136,0.9213724522274536,6.298701820249567
2025-07-30,1388.8599853515625,False,0.04105383407111418,False,False,1381.1300048828125,1377.2789978027345,1375.3343302408855,0.8408599541054551,6.144453288485642
2025-07-31,1392.52001953125,False,0.26352794509816313,False,False,1384.8900146484375,1379.167498779297,1375.2548299153646,0.9681580202383966,6.123782436124025
2025-08-01,1391.510009765625,False,-0.07253107685769589,False,False,1388.7920166015624,1380.8880004882812,1375.0491638183594,0.7692158432536012,6.167144365787606
2025-08-04,1390.1800537109375,False,-0.0955764633638223,False,False,1390.272021484375,1382.2870056152344,1374.965997314453,0.571013694235667,6.1408275479492795
2025-08-05,1383.5899658203125,False,-0.4740456369686452,False,False,1389.3320068359376,1382.7345031738282,1374.4253295898438,0.06186745499738855,5.6675971497878015
2025-08-06,1386.5799560546875,False,0.21610378133973818,False,False,1388.8760009765624,1383.5484985351563,1373.9349955240884,0.2191074272235971,5.5466294160591785
2025-08-07,1384.3900146484375,False,-0.15793834294858256,False,False,1387.25,1384.1179992675782,1373.5526631673176,0.019652614950693703,5.573072915549996
2025-08-08,1384.969970703125,False,0.041892533791121345,False,False,1385.9419921875,1384.7344970703125,1373.3518290201823,0.017004966172984304,5.567272200311892
2025-08-11,1387.81005859375,False,0.2050649436957208,False,False,1385.4679931640626,1385.2164978027345,1373.1798299153645,0.1872314396435204,5.441628083126587
2025-08-12,1389.7900390625,False,0.1426694133314088,False,False,1386.7080078125,1385.6054992675781,1373.2004964192708,0.3020008073823188,5.382107949395504
2025-08-13,1383.0899658203125,False,-0.48209247827873947,False,False,1386.010009765625,1385.4375,1373.0398295084635,-0.1694435281048401,5.5554083010693995
2025-08-14,1378.780029296875,False,-0.31161649856097373,False,False,1384.8880126953125,1385.1304992675782,1373.1218302408854,-0.4584744884370995,5.648048529597232
2025-08-15,1387.8699951171875,False,0.6592759995913244,False,False,1385.468017578125,1384.945001220703,1373.2306640625,0.21119928184196723,5.888908122276828
2025-08-18,1387.97998046875,False,0.007924758943511634,False,False,1385.502001953125,1384.8155029296875,1373.6181640625,0.22851257314551177,5.884981980270307
2025-08-19,1386.9100341796875,False,-0.0770865793540576,False,False,1384.9260009765626,1385.0700073242188,1373.9316650390624,0.13284720958064433,5.42081048191578
2025-08-20,1391.3399658203125,False,0.31941016586884974,False,False,1386.5760009765625,1385.6480041503905,1374.2073303222655,0.4107797689509196,5.483612328592908
2025-08-21,1396.9100341796875,False,0.4003384144931843,False,False,1390.202001953125,1386.8075073242187,1374.5958312988282,0.7284736203196029,5.313002693343161
2025-08-22,1399.6099853515625,False,0.19328024753293427,False,False,1392.55,1388.188006591797,1375.0824971516927,0.8227976834210171,5.26653317578228
2025-08-25,1382.8900146484375,False,-1.1946164201540155,False,False,1391.5320068359374,1388.193505859375,1375.0974975585937,-0.3820426466880966,6.413953118216949
2025-08-26,1389.050048828125,False,0.44544642845321114,False,False,1391.960009765625,1388.2315063476562,1375.3138326009114,0.05896296667566858,6.454582733204747
2025-08-27,1393.949951171875,False,0.35275203711224723,False,False,1392.4820068359375,1388.4860046386718,1375.5843322753906,0.3935183008650478,6.572374248691591
2025-08-28,1392.75,False,-0.0860828016720605,False,False,1391.65,1388.4975036621095,1376.1119995117188,0.30626604129102564,6.5168596904785785
2025-08-29,1384.4100341796875,False,-0.5988128393690562,False,False,1388.610009765625,1388.1425048828125,1376.6096659342447,-0.2688823870745316,6.855261226363933
2025-09-01,1388.8399658203125,False,0.31998696421251527,False,False,1389.8,1388.0755004882812,1377.1038330078125,0.05507375728210917,6.956226013856427
2025-09-02,1392.93994140625,False,0.2952086407965515,False,False,1390.577978515625,1388.5429992675781,1377.755332438151,0.3166586948327277,6.800864500392968
2025-09-03,1394.5699462890625,False,0.11701903537686409,False,False,1390.7019775390625,1388.9424987792968,1378.2668314615885,0.4051605818607751,6.774827587157593
2025-09-04,1389.6300048828125,False,-0.3542268653784708,False,False,1390.077978515625,1389.2044982910156,1378.6658325195312,0.030629514396207647,6.881877612526412
2025-09-05,1392.06005859375,False,0.17487055564422427,False,False,1391.6079833984375,1389.5590026855468,1379.3703328450522,0.17998918386117335,6.903696366278535
2025-09-08,1385.510009765625,False,-0.47052918354268947,False,False,1390.9419921875,1389.4440002441406,1379.7098327636718,-0.28313415134574305,7.085957202037048
2025-09-09,1385.719970703125,False,0.015154054176447218,False,False,1389.497998046875,1389.240496826172,1380.175498453776,-0.2534137272192871,7.064576783330201
2025-09-10,1387.25,False,0.11041403236027314,False,False,1388.0340087890625,1389.4484985351562,1380.287998453776,-0.1582281414153841,6.853483132989412
2025-09-11,1387.199951171875,False,-0.0036077727968986117,False,False,1387.547998046875,1389.8694946289063,1380.5621643066406,-0.1920715194734246,6.7445993289370225
2025-09-12,1389.5,False,0.16580514050494877,False,False,1387.035986328125,1389.950994873047,1380.8056640625,-0.03244681824831064,6.351203408834088
2025-09-15,1393.699951171875,False,0.302263488440091,False,False,1388.673974609375,1390.236993408203,1381.2094970703124,0.2490911823014086,6.437350366376429
2025-09-16,1385.010009765625,False,-0.6235159439406668,False,False,1388.531982421875,1390.1419921875,1381.5939982096354,-0.3691696568204006,6.828503214609994
2025-09-17,1377.6400146484375,False,-0.5321257655339751,False,False,1386.6099853515625,1389.4569946289062,1381.9916646321615,-0.850474683718061,6.958097015600998
2025-09-18,1378.68994140625,False,0.07621198184204481,False,False,1384.9079833984374,1388.5459899902344,1382.3526631673178,-0.7098107412383037,6.773430787073308
2025-09-19,1386.75,False,0.5846172044694065,False,False,1384.3579833984375,1387.9029907226563,1382.9191630045573,-0.08307430204873567,7.105461490391144
2025-09-22,1396.22998046875,False,0.6836113552370682,False,False,1384.8639892578126,1388.5699890136718,1383.4631632486978,0.551646047061638,6.137570090061995
2025-09-23,1389.3900146484375,False,-0.4898881929190635,False,False,1385.739990234375,1388.5869873046875,1384.1446634928386,0.05783053932464366,6.232959922655659
2025-09-24,1391.8499755859375,False,0.1770533048002676,False,False,1388.581982421875,1388.4819885253905,1384.7489969889323,0.24256613253759163,6.132195291283196
2025-09-25,1403.6500244140625,False,0.8477960293929998,False,False,1393.5739990234374,1389.0269897460937,1385.5639973958334,1.052753818026364,6.8285680009017975
2025-09-26,1408.9200439453125,False,0.375451105303104,False,False,1398.0080078125,1390.252490234375,1386.427665201823,1.3427455690290024,6.487170062246551
2025-09-29,1408.7099609375,False,-0.01491092476931799,False,False,1400.50400390625,1391.2459899902344,1387.20283203125,1.2552755639847923,6.437453399261375
2025-09-30,1399.3299560546875,False,-0.6658577807294064,False,False,1402.4919921875,1391.5654907226562,1387.6143310546875,0.5579662174576505,6.883614999833109
2025-10-01,1403.1500244140625,False,0.2729926807359506,False,False,1404.752001953125,1391.9944946289063,1388.1618306477865,0.8014061713749854,6.933718499099649
2025-10-02,1401.8199462890625,False,-0.09479229603801542,False,False,1404.385986328125,1392.6039916992188,1388.6421630859375,0.6617785561995104,6.802165578083605
2025-10-03,1405.6300048828125,False,0.27179372100076815,False,False,1403.727978515625,1393.282489013672,1389.1919962565105,0.8862176885522821,6.835413416031308
2025-10-06,1406.06005859375,False,0.03059508614953188,False,False,1403.197998046875,1394.309991455078,1389.6568298339844,0.8427155518271556,6.55558480283386
2025-10-07,1409.9200439453125,False,0.27452492715160925,False,False,1405.316015625,1395.5199951171876,1390.1219970703125,1.0318769260569294,6.589032479720248
2025-10-08,1414.5699462890625,False,0.32979900978913346,False,False,1407.6,1396.8859924316407,1390.590663655599,1.2659554146318142,6.644967130811539
2025-10-09,1422.52001953125,False,0.5620134418268474,False,False,1411.7400146484374,1398.6519958496094,1391.2173299153646,1.706501957060591,6.830541826324553
2025-10-10,1421.510009765625,False,-0.07100144474295744,False,False,1414.916015625,1400.2524963378905,1391.7161641438802,1.5181200164491537,6.86418652277725
2025-10-13,1429.030029296875,False,0.5290162910980722,False,False,1419.510009765625,1402.0190002441407,1392.3571655273438,1.9265808129583561,6.9923026375572315
2025-10-14,1426.0699462890625,False,-0.2071393145789191,False,False,1422.739990234375,1404.0719970703126,1393.0946655273438,1.5667251583002972,6.5419053842600565
2025-10-15,1429.4300537109375,False,0.23562009918367544,False,False,1425.71201171875,1406.6614990234375,1393.9221659342447,1.618623578117906,6.032654465405248
2025-10-16,1420.0899658203125,False,-0.6534134263077251,False,False,1425.2260009765625,1408.7315002441405,1394.694999186198,0.8062903097008522,6.724087129048945
2025-10-17,1415.719970703125,False,-0.3077266386192101,False,False,1424.0679931640625,1410.179998779297,1395.4236653645833,0.39285565875446515,6.703179720722797
2025-10-20,1419.739990234375,False,0.2839558397451647,False,False,1422.2099853515624,1411.3554992675781,1396.0396647135417,0.5940736385090739,6.387753702773622
2025-10-21,1419.739990234375,False,0.0,False,False,1420.943994140625,1412.872998046875,1396.5638305664063,0.48603039317707264,6.0304078774496075
2025-10-22,1430.739990234375,False,0.7747897555653083,False,False,1421.2059814453125,1414.8174987792968,1397.2618306477864,1.1254095647541984,6.47688570897828
2025-10-23,1430.4000244140625,False,-0.023761537570277103,False,False,1423.2679931640625,1416.1549987792969,1397.8931640625,1.005894527579576,5.926791323707611
2025-10-24,1435.8399658203125,False,0.38030909629482856,False,False,1427.2919921875,1417.500994873047,1398.6319966634114,1.2937536561593799,5.9298634403235715
2025-10-27,1436.969970703125,False,0.07869991849454028,False,False,1430.73798828125,1418.913995361328,1399.4118286132812,1.2725207729872956,5.91607332663148
2025-10-28,1430.969970703125,False,-0.41754525997952374,False,False,1432.983984375,1420.49599609375,1400.2014953613282,0.7373462958134125,5.543656405841102
2025-10-29,1425.969970703125,False,-0.3494133421642065,False,False,1432.02998046875,1421.6369934082031,1400.8579956054687,0.3047878829133488,5.741291329610909
2025-10-30,1424.010009765625,False,-0.13744756045133144,False,False,1430.7519775390624,1422.7464965820313,1401.518328857422,0.08880803337973919,5.760608990856571
2025-10-31,1424.02001953125,False,0.0007029280381765091,False,False,1428.38798828125,1423.665997314453,1402.1691630045573,0.024866943332546576,5.720622729342766
2025-11-03,1427.1700439453125,False,0.22120646977277225,False,False,1426.4280029296874,1424.7214965820312,1402.8251627604166,0.17186147392000972,5.745100335723818
2025-11-04,1428.969970703125,False,0.12611859150550853,False,False,1426.0280029296875,1425.6739929199218,1403.4781616210937,0.23118734013325426,5.700776184986383
2025-11-05,1439.81005859375,False,0.7585945200297761,False,False,1428.7960205078125,1426.9359985351562,1404.423496500651,0.9022170631205473,6.147871185578027
2025-11-06,1439.739990234375,False,-0.00486650019957402,False,False,1431.9420166015625,1427.7969970703125,1405.4394958496093,0.8364629697756865,5.893661155658228
2025-11-07,1447.9000244140625,False,0.5667713778207295,False,False,1436.718017578125,1429.1164978027343,1406.4399963378905,1.3143453763362123,6.134327014097153
2025-11-10,1454.0,False,0.4212981202487365,False,False,1442.0840087890624,1430.3649963378907,1407.5403299967447,1.6523757028884978,6.043965601789828
2025-11-11,1456.0899658203125,False,0.14373905229110306,False,False,1447.5080078125,1431.8659973144531,1408.6933288574219,1.6917762242621093,5.9447396620394395
2025-11-12,1459.8399658203125,False,0.25753903179239757,False,False,1451.5139892578125,1433.386492919922,1409.8349955240885,1.8455226856856077,5.9516382867282855
2025-11-13,1468.02001953125,False,0.560339071573579,False,False,1457.1699951171875,1435.7829956054688,1411.0201619466145,2.245257397841427,5.434575953531691
2025-11-14,1468.7099609375,False,0.04699809246948572,False,False,1461.331982421875,1438.4324951171875,1412.1718282063803,2.104893064018687,5.162970133795867
2025-11-17,1446.530029296875,False,-1.5101641733584525,True,False,1459.83798828125,1439.7719970703124,1413.2324951171875,0.46938211330085355,7.904178936886675
2025-11-18,1461.68994140625,False,1.0480191770884995,False,False,1460.9579833984376,1441.8694946289063,1414.4431599934896,1.3746352808750473,8.58385936476752
2025-11-19,1456.550048828125,False,-0.3516404151471475,False,False,1460.3,1443.1599975585937,1415.4864949544271,0.9278286047412321,8.421079613898513
2025-11-20,1466.1300048828125,False,0.6577155424487557,False,False,1459.9219970703125,1444.9464965820312,1416.7094950358073,1.4660410161130732,8.642666133590675
2025-11-21,1473.25,False,0.4856319080487337,False,False,1460.8300048828125,1446.8169982910156,1418.1901611328126,1.8269761649335914,8.691901998141185
2025-11-24,1467.72998046875,False,-0.37468315162056953,False,False,1465.0699951171875,1448.354998779297,1419.5049947102864,1.3377232588545507,8.874543042551247
2025-11-25,1474.8599853515625,False,0.4857845092552715,False,False,1467.70400390625,1450.5494995117188,1420.8703287760416,1.675950103600532,8.744102852354313
2025-11-26,1464.9200439453125,False,-0.6739583082444711,False,False,1469.3780029296875,1452.497003173828,1422.042830403646,0.8552885647501673,9.061369335602349
2025-11-27,1470.5899658203125,False,0.3870465079943708,False,False,1470.2699951171876,1454.8260009765625,1423.3921630859375,1.0835635899529183,9.042388868032772
2025-11-28,1461.4000244140625,False,-0.6249152802510594,False,False,1467.9,1456.695001220703,1424.5478291829427,0.3229930211483323,9.454274726015397
2025-12-01,1465.6199951171875,False,0.28876218917657237,False,False,1467.4780029296876,1458.617498779297,1425.8829956054688,0.48007763130162306,9.46582672057789
2025-12-02,1470.1700439453125,False,0.3104521528966453,False,False,1466.5400146484376,1460.6775024414062,1427.2904968261719,0.6498725069729705,9.486201399104635
2025-12-03,1467.3599853515625,False,-0.19113833840669336,False,False,1467.0280029296875,1462.054998779297,1428.625663248698,0.36284452887851426,9.266485863509132
2025-12-04,1465.030029296875,False,-0.15878557940430804,False,False,1465.916015625,1463.3195007324218,1429.922831217448,0.11689371757821476,9.304830931123139
2025-12-05,1472.3800048828125,False,0.5016945345116985,False,False,1468.11201171875,1464.5434997558593,1431.3041646321615,0.5350817594874879,9.263262894556092
2025-12-08,1471.81005859375,False,-0.03870918425762371,False,False,1469.3500244140625,1465.4340026855468,1432.6059997558593,0.43509676290562904,9.185674344046673
2025-12-09,1468.510009765625,False,-0.22421703186877862,False,False,1469.018017578125,1466.0550048828125,1433.997666422526,0.1674565329838229,9.235230366316598
2025-12-10,1467.9300537109375,False,-0.03949282271354937,False,False,1469.13203125,1466.4595092773438,1435.502500406901,0.10027855691141507,9.204311010661737
2025-12-11,1469.0400390625,False,0.07561568405500818,False,False,1469.934033203125,1466.5105102539062,1437.0083353678385,0.1724862379715031,8.991714244458064
2025-12-12,1470.8499755859375,False,0.12320539095671545,False,False,1469.62802734375,1466.6175109863282,1438.410001627604,0.28858680384655777,9.000499857857525
2025-12-15,1472.9100341796875,False,0.14005905618819092,False,False,1469.8480224609375,1467.9365112304688,1439.6880025227865,0.3388104942665171,6.987820365008454
2025-12-16,1467.47998046875,False,-0.3686616008398369,False,False,1469.6420166015625,1468.2260131835938,1440.989501953125,-0.05081184423548768,6.1778328353830565
2025-12-17,1471.739990234375,False,0.29029423381055075,False,False,1470.40400390625,1468.9855102539063,1442.3210021972657,0.18750899591872816,6.084501636811705
2025-12-18,1474.0,False,0.15356039657963283,False,False,1471.39599609375,1469.3790100097656,1443.4935017903647,0.31448591267162485,5.668429497953446
2025-12-19,1474.3599853515625,False,0.02442234406800914,False,False,1472.097998046875,1469.4345092773438,1444.5841674804688,0.3351953450883016,5.40415747678153
2025-12-22,1473.719970703125,False,-0.04340965943163688,False,False,1472.2599853515626,1469.7340087890625,1445.6676676432292,0.2712029449020159,5.220844763969963
2025-12-23,1476.8399658203125,False,0.2117088170895176,False,False,1474.131982421875,1469.8330078125,1446.9595011393228,0.47671796527692933,4.9823434650732
2025-12-24,1478.6700439453125,False,0.12391851299768941,False,False,1475.5179931640625,1470.5205078125,1448.2181681315103,0.554193980261819,4.29289647979671
2025-12-25,1478.6700439453125,True,0.0,False,False,1476.452001953125,1470.92451171875,1449.499003092448,0.5265757803921689,4.10195046083895
2025-12-26,1446.52001953125,False,-2.1742527716515747,True,False,1470.8840087890626,1470.1805114746094,1450.1805033365886,-1.609359650647768,8.596144286930405
2025-12-29,1441.3299560546875,False,-0.35879651898936826,False,False,1464.406005859375,1468.9660095214845,1450.7683349609374,-1.881326952949669,8.565194958695647
2025-12-30,1434.7099609375,False,-0.4592976847097696,False,False,1455.9800048828124,1467.1930053710937,1451.1815002441406,-2.213958512252978,8.533014220979675
2025-12-31,1437.9100341796875,False,0.2230467013762505,False,False,1447.8280029296875,1465.7205078125,1451.5705017089845,-1.897392680567589,8.613885093640912
2026-01-01,1437.9100341796875,True,0.0,False,False,1439.6760009765626,1464.3645080566407,1451.827001953125,-1.806549785344158,8.617928583024078
2026-01-02,1443.6400146484375,False,0.3984936701564079,False,False,1439.1,1462.927508544922,1452.1958353678385,-1.318417610156808,8.530985921041664
2026-01-05,1440.47998046875,False,-0.2188935016779081,False,False,1438.9300048828125,1461.3610046386718,1452.3866678873699,-1.4288751447206427,8.538594061064371
2026-01-06,1445.56005859375,False,0.35266565269076455,False,False,1441.1000244140625,1460.2135070800782,1452.7115030924479,-1.0035141036073614,8.677201565808558
2026-01-07,1444.9599609375,False,-0.04151315973919267,False,False,1442.510009765625,1459.0650024414062,1452.9703348795572,-0.9667178282190769,8.67708780502181
2026-01-08,1446.1400146484375,False,0.08166687955644125,False,False,1444.156005859375,1457.9200012207032,1453.404502360026,-0.8079995172850629,8.678529499563458
2026-01-09,1450.0799560546875,False,0.2724453625749135,False,False,1445.443994140625,1456.8815002441406,1453.977168782552,-0.46685637701578964,8.74016201460465
2026-01-12,1455.239990234375,False,0.35584480415318254,False,False,1448.39599609375,1455.997998046875,1454.5688354492188,-0.05206104771550146,8.841797108736593
2026-01-13,1464.9300537109375,False,0.6658739136904845,False,False,1452.2699951171876,1455.8705017089844,1455.322003173828,0.6222773242069657,9.119231747012092
2026-01-14,1473.010009765625,False,0.5515591706388712,False,False,1457.8800048828125,1455.9340026855468,1456.026503499349,1.1728558470768924,9.27801662459039
2026-01-15,1462.9000244140625,False,-0.68634872027592,False,False,1461.2320068359375,1455.37900390625,1456.5681701660155,0.516774014715482,9.575048932636992
2026-01-16,1468.8399658203125,False,0.40603877962399615,False,False,1464.9840087890625,1455.1030029296876,1457.1181701660157,0.944054329003996,9.701989507785777
2026-01-19,1471.5799560546875,False,0.18654110033320404,False,False,1468.252001953125,1454.9960021972656,1457.6950032552083,1.139793774854203,9.727976870876098
2026-01-20,1471.52001953125,False,-0.0040729369268022175,False,False,1469.5699951171875,1454.7300048828124,1458.3708374023438,1.1541670682588379,9.69418033759111
2026-01-21,1477.780029296875,False,0.4254111179281983,False,False,1470.5239990234375,1454.6855041503907,1459.2343383789062,1.587595743588066,9.810375776579791
2026-01-22,1464.8299560546875,False,-0.876319410565396,False,False,1470.9099853515625,1453.9934997558594,1459.9146708170572,0.7452891846247978,10.290386138452826
2026-01-23,1463.260009765625,False,-0.10717600924075033,False,False,1469.793994140625,1454.830499267578,1460.568670654297,0.57941529974046,6.555769394583854
2026-01-26,1444.81005859375,False,-1.2608798879722105,False,False,1464.4400146484375,1455.0045043945313,1460.8626708984375,-0.700647026864254,7.950691655242226
2026-01-27,1440.97998046875,False,-0.2650921553472463,False,False,1458.3320068359376,1455.3180053710937,1461.0628377278647,-0.9852159355843049,7.826515072659206
2026-01-28,1432.510009765625,False,-0.5877923925334261,False,False,1449.2780029296875,1455.0480041503906,1460.9411702473958,-1.548951946635302,8.076809599523342
2026-01-29,1429.27001953125,False,-0.2261757483219995,False,False,1442.166015625,1454.6160034179688,1460.766670735677,-1.7424518792012678,8.110114349882053
2026-01-30,1428.760009765625,False,-0.03568323400446882,False,False,1435.266015625,1453.872003173828,1460.4476704915364,-1.7272492594522126,7.951540309164504
2026-02-02,1448.800048828125,False,1.402617579266341,False,False,1436.064013671875,1454.2880065917968,1460.3610046386718,-0.37736388795044373,9.44018939157119
2026-02-03,1452.5400390625,False,0.2581439887029413,False,False,1438.376025390625,1454.6370056152343,1460.3018391927083,-0.14415737703905585,9.403293574206026
2026-02-04,1446.6800537109375,False,-0.40343021148970815,False,False,1441.2100341796875,1454.7230102539063,1460.0825073242188,-0.552885771811984,9.524605967978683
2026-02-05,1460.1099853515625,False,0.9283276980404542,False,False,1447.37802734375,1455.4215087890625,1459.9506734212239,0.3221387436001866,10.070370929352693
2026-02-06,1470.6800537109375,False,0.7239227500269507,False,False,1455.7620361328125,1456.451513671875,1459.9835083007813,0.9769319407819221,10.326895204753297
2026-02-09,1462.4000244140625,False,-0.5630068399977373,False,False,1458.48203125,1456.8095153808595,1460.248008219401,0.3837501728385817,10.506103907779035
2026-02-10,1458.5400390625,False,-0.26394866569487974,False,False,1459.68203125,1456.4900146484374,1460.1955098470053,0.14075101054211725,10.271554158223884
2026-02-11,1455.3299560546875,False,-0.22008878205879157,False,False,1461.41201171875,1455.6060119628905,1460.175174967448,-0.01896501566592823,10.065328709360777
2026-02-12,1444.18994140625,False,-0.7654631585154337,False,False,1458.2280029296876,1454.6705078125,1459.8095072428384,-0.7204769980530212,10.134467068538145
2026-02-13,1440.9000244140625,False,-0.22780362179949387,False,False,1452.2719970703124,1453.2735107421875,1459.2703409830729,-0.8514217204582342,9.994665943558708
2026-02-16,1439.52001953125,False,-0.09577381216115954,False,False,1447.69599609375,1451.6705139160156,1458.800174967448,-0.8370008392599049,9.93961481246959
2026-02-17,1440.22998046875,False,0.04931928197366986,False,False,1444.033984375,1450.1060119628905,1458.223008219401,-0.6810558271372225,9.948836964154069
2026-02-18,1439.969970703125,False,-0.01805335044756662,False,False,1440.9619873046875,1448.215509033203,1457.8071736653646,-0.569358515956131,9.757632719809138
2026-02-19,1440.1600341796875,False,0.013199127789431664,False,False,1440.156005859375,1446.9820129394532,1457.3000081380208,-0.47146258203356606,9.355069194988152
2026-02-20,1447.75,False,0.5270223891913339,False,False,1441.5260009765625,1446.2065124511719,1457.0725077311197,0.10672663520316927,9.60117142812157
2026-02-23,1443.43994140625,False,-0.29770737998618957,False,False,1442.3099853515625,1446.138006591797,1456.7028401692708,-0.18657038078306876,8.542446539270934
2026-02-24,1442.199951171875,False,-0.08590521841642662,False,False,1442.7039794921875,1446.1990051269531,1456.2366719563802,-0.2765216917520297,8.493171330997056
2026-02-25,1439.989990234375,False,-0.15323540509790678,False,False,1442.7079833984376,1446.5730041503907,1455.7805053710938,-0.4550765082113606,8.22638141812491
2026-02-26,1426.9300537109375,False,-0.9069463407389233,False,False,1440.0619873046876,1446.456005859375,1455.1455057779947,-1.3499167668660994,8.83687751449926
2026-02-27,1432.3199462890625,False,0.3777264739857289,False,False,1436.9759765625,1446.6340026855469,1454.4778381347655,-0.9894732440901888,8.940149508310576
2026-03-02,1438.5,False,0.4314715945239245,False,False,1435.98798828125,1446.1190002441406,1453.9226704915366,-0.5268584565208179,7.4857313086706645
2026-03-03,1452.27001953125,False,0.957248490180751,False,False,1438.002001953125,1446.1054992675781,1453.6520039876302,0.426284269494448,8.223347204183147
2026-03-04,1483.0699462890625,False,2.1208126824620255,True,False,1446.6179931640625,1447.9249938964845,1453.904335530599,2.4272633279159184,10.994175772295852
2026-03-05,1460.75,False,-1.5049827113624348,True,False,1453.381982421875,1447.9569946289062,1453.7661682128905,0.8835210865066223,11.988524632039555
2026-03-06,1479.510009765625,False,1.2842724467311273,False,False,1462.8199951171875,1448.3984924316405,1453.9105021158855,2.14799431900492,12.584463670969308
2026-03-09,1483.8900146484375,False,0.2960442885753922,False,False,1471.897998046875,1449.4729919433594,1454.0935017903646,2.3744507759978273,12.413208690557143
2026-03-10,1464.469970703125,False,-1.3087252932228566,False,False,1474.33798828125,1449.7694885253907,1454.0433349609375,1.0139875541653742,13.313860358184415
2026-03-11,1472.780029296875,False,0.5674447929963522,False,False,1472.2800048828126,1450.6419921875,1454.0606689453125,1.5260855006680174,13.41574874330709
2026-03-12,1475.3399658203125,False,0.17381662383484375,False,False,1475.197998046875,1452.1994934082031,1454.0830017089843,1.5934775158060743,13.055917445270996
2026-03-13,1470.5799560546875,False,-0.32263816312861904,False,False,1473.4119873046875,1453.6834899902344,1454.020001220703,1.1623208339916369,13.092745591415879
2026-03-16,1501.75,False,2.119574921239664,True,False,1476.983984375,1456.794989013672,1454.487168375651,3.0858845153472814,14.881076873753647
2026-03-17,1488.9100341796875,False,-0.8550002210962249,False,False,1481.8719970703125,1459.2289916992188,1454.6883361816406,2.034022257596879,15.354111591800729
2026-03-18,1484.8699951171875,False,-0.2713420535664479,False,False,1484.289990234375,1461.4739929199218,1454.7916687011718,1.600849711360386,15.421601103776172
2026-03-19,1505.25,False,1.3725110581956468,False,False,1490.2719970703124,1464.7284912109376,1455.23466796875,2.766486009674196,15.996315953872358
2026-03-20,1489.8399658203125,False,-1.0237524783050955,False,False,1494.1239990234376,1466.832989501953,1455.9566670735678,1.568479607632156,16.547022286476697
2026-03-23,1504.2099609375,False,0.9645327986133934,False,False,1494.6159912109374,1469.8714904785156,1457.0046671549478,2.336154601366247,16.70142427904754
2026-03-24,1485.3599853515625,False,-1.2531479032481085,False,False,1493.9059814453126,1472.0294921875,1457.8488342285157,0.9055860113408976,17.473336789170844
2026-03-25,1497.31005859375,False,0.8045237087330737,False,False,1496.393994140625,1474.8954956054688,1458.8388346354166,1.5197390632127217,17.580902312953825
2026-03-26,1500.969970703125,False,0.24443247999097473,False,False,1495.53798828125,1478.5974914550782,1459.889833577474,1.513087867207874,17.086475062327594
2026-03-27,1508.3599853515625,False,0.4923492669860474,False,False,1499.2419921875,1482.3994934082032,1460.9684997558593,1.7512480312357193,17.101899044441673
2026-03-30,1507.02001953125,False,-0.08883594323142452,False,False,1499.80400390625,1485.8254943847655,1462.077500406901,1.4264478047107731,17.134209186118937
2026-03-31,1516.1300048828125,False,0.6045032735793487,False,False,1505.9580078125,1489.0184936523438,1463.2536661783854,1.820763902264777,16.9830261547367
2026-04-01,1503.3299560546875,False,-0.8442579981203124,False,False,1507.1619873046875,1490.031494140625,1464.2264994303384,0.8924953577395645,15.803761625631694
2026-04-02,1512.0899658203125,False,0.5827070584434102,False,False,1509.385986328125,1492.5984924316406,1465.325665283203,1.3058751893094689,14.741529777060665
2026-04-03,1509.219970703125,False,-0.18980319835867343,False,False,1509.5579833984375,1494.0839904785157,1466.3113321940104,1.013060866796489,14.191298599394393
2026-04-06,1509.260009765625,False,0.0026529639997718846,False,False,1510.0059814453125,1495.352490234375,1467.2116658528646,0.9300495784154705,14.17663856710171
2026-04-07,1507.8499755859375,False,-0.0934255310923171,False,False,1508.3499755859375,1497.5214904785157,1467.9269978841146,0.6897053012655974,13.211406354988739
2026-04-08,1499.1300048828125,False,-0.5783049271686602,False,False,1507.5099853515626,1498.8389892578125,1468.3623311360677,0.019416069843769534,13.35569629936991
2026-04-09,1477.5999755859375,False,-1.436168259373738,False,False,1500.6119873046875,1498.9519897460937,1468.6073303222656,-1.4244628451224095,14.40634131953494
2026-04-10,1473.280029296875,False,-0.2923623687357879,False,False,1493.4239990234375,1499.0869934082032,1468.6813313802083,-1.7215121086906038,14.397424316289422
2026-04-13,1482.1800537109375,False,0.6040959109660848,False,False,1488.0080078125,1498.10849609375,1468.857999674479,-1.0632369033581557,12.310250616946455
2026-04-14,1476.8399658203125,False,-0.3602860446849876,False,False,1481.806005859375,1497.5049926757813,1468.9466654459636,-1.3799638035626116,12.009528288708818
2026-04-15,1469.4200439453125,False,-0.5024188163054388,False,False,1475.864013671875,1496.7324951171875,1468.8073323567708,-1.824805117880235,12.096778612936133
2026-04-16,1474.06005859375,False,0.3157718358039574,False,False,1475.1560302734374,1495.172998046875,1468.9611673990885,-1.4120733507563599,10.979109656954803
2026-04-17,1477.9200439453125,False,0.26186079251375727,False,False,1476.084033203125,1494.577001953125,1469.2055013020833,-1.1144931298986416,10.485431491900126
2026-04-20,1465.1500244140625,False,-0.8640534772882846,False,False,1472.67802734375,1492.624005126953,1469.544500732422,-1.8406497965007484,10.17068814084758
2026-04-21,1469.260009765625,False,0.2805163487067608,False,False,1471.1620361328125,1491.8190063476563,1470.0158345540365,-1.5121805316893888,9.347045627971246
2026-04-22,1485.800048828125,False,1.1257394166154677,False,False,1474.438037109375,1491.243505859375,1470.9040018717449,-0.36502804604758854,9.796556034292179
2026-04-23,1477.9599609375,False,-0.5276677636946281,False,False,1475.218017578125,1490.0930053710938,1471.7155008951822,-0.8142474590418058,9.885579062736152
2026-04-24,1479.949951171875,False,0.1346443940952735,False,False,1475.6239990234376,1488.6725036621094,1472.5686665852866,-0.585928232621824,9.692782242542767
2026-04-27,1474.68994140625,False,-0.3554180843385879,False,False,1477.531982421875,1487.0559997558594,1473.0001647949218,-0.8315798700008314,9.737259023279645
2026-04-28,1473.0,False,-0.11459638794568683,False,False,1478.27998046875,1484.8994995117187,1473.3411641438802,-0.8013673326465298,9.368334818627824
2026-04-29,1471.989990234375,False,-0.06856821219449749,False,False,1475.51796875,1483.332501220703,1473.7629964192708,-0.7646640909569347,8.994906267892231
2026-04-30,1487.3800048828125,False,1.0455244091698734,False,False,1477.4019775390625,1482.0970031738282,1474.2174967447916,0.3564545166524935,9.593478629278945
2026-05-01,1474.010009765625,False,-0.8988957141615517,False,False,1476.2139892578125,1480.3365051269532,1474.2729960123697,-0.42736873267781306,10.021181794680464
2026-05-04,1471.72998046875,False,-0.15468207690377822,False,False,1475.6219970703125,1478.4600036621093,1474.4284952799478,-0.4552049549321091,10.012018020203639
2026-05-05,1476.050048828125,False,0.29353675040302285,False,False,1476.2320068359375,1476.8700073242187,1474.7203287760417,-0.05552001814833618,10.121284190374897
2026-05-06,1473.9599609375,False,-0.14160006920390655,False,False,1476.6260009765624,1475.611505126953,1475.030828857422,-0.11192269670674548,9.96773394526605
2026-05-07,1444.449951171875,False,-2.0020903245469013,True,False,1468.039990234375,1473.95400390625,1475.0351623535157,-2.001694262927045,11.122425761893284
2026-05-08,1454.7900390625,False,0.7158495095130224,False,False,1464.19599609375,1473.0295043945312,1475.2666625976562,-1.2382281059284184,11.474625558419055
2026-05-11,1460.550048828125,False,0.3959340943341161,False,False,1461.960009765625,1471.9480041503907,1475.6171630859376,-0.7743449693961568,11.337658825054659
2026-05-12,1474.449951171875,False,0.9516895607173836,False,False,1461.639990234375,1471.8285034179687,1476.1874959309896,0.1781082339293416,11.839109028390302
2026-05-13,1492.989990234375,False,1.2574207112126423,False,False,1465.44599609375,1473.0070007324218,1477.071162923177,1.3566119843298141,12.489493191642739
2026-05-14,1489.8399658203125,False,-0.2109876445700709,False,False,1474.5239990234375,1473.79599609375,1477.8991617838542,1.088615369364998,12.498990648886421
2026-05-15,1493.3399658203125,False,0.23492456104658999,False,False,1482.233984375,1474.5669921875,1478.658994547526,1.2731177174231334,12.493476951814072
2026-05-18,1497.1500244140625,False,0.2551367190964493,False,False,1489.5539794921874,1476.1669921875,1479.5541625976562,1.421453828571817,12.024509658540609
2026-05-19,1492.3199462890625,False,-0.32261817761986,False,False,1493.127978515625,1477.3199890136718,1480.3894958496094,1.0153492396326014,12.101958409502345
2026-05-20,1507.8499755859375,False,1.0406635209489368,False,False,1496.0999755859375,1478.4224853515625,1481.5204956054688,1.9904655486471023,12.007919073412367
2026-05-21,1499.77001953125,False,-0.5358594147635731,False,False,1498.085986328125,1479.51298828125,1482.7344950358072,1.3691688691109372,12.013418690763757
2026-05-22,1504.4000244140625,False,0.3087143243641899,False,False,1500.297998046875,1480.7354919433594,1483.935829671224,1.598160684299188,12.040548063583163
2026-05-25,1512.8299560546875,False,0.5603517351648657,False,False,1503.433984375,1482.6424926757813,1485.1746622721355,2.036058154816933,12.035370687307665
2026-05-26,1514.7900390625,False,0.12956400023464987,False,False,1507.9280029296874,1484.7319946289062,1486.2166625976563,2.024476103588402,12.000580285040511
2026-05-27,1505.43994140625,False,-0.617253706133214,False,False,1507.44599609375,1486.4044921875,1486.5894958496094,1.2806372235014019,12.283409999607889
2026-05-28,1503.1099853515625,False,-0.15476911370579938,False,False,1508.1139892578126,1487.1909912109375,1487.2954956054687,1.0704068431495184,11.807463986099785
2026-05-29,1495.2900390625,False,-0.5202511037296742,False,False,1506.2919921875,1488.2549926757813,1487.55849609375,0.47270436997293164,11.473412356570497
2026-06-01,1506.8399658203125,False,0.772420497434334,False,False,1505.093994140625,1490.0104919433593,1487.9409952799479,1.12948693770627,11.697894037092661
2026-06-02,1511.27001953125,False,0.2939962976443722,False,False,1504.389990234375,1491.7714904785157,1488.72099609375,1.3070721070342906,11.6979842889787
2026-06-03,1516.5999755859375,False,0.3526805922042131,False,False,1506.6219970703125,1493.9034912109375,1489.451328531901,1.519273802392851,11.682630869108195
2026-06-04,1530.1099853515625,False,0.8908090454376794,False,False,1512.0219970703124,1498.1864929199219,1490.3641621907552,2.1308089868987246,8.783341177412797
2026-06-05,1533.0699462890625,False,0.19344759303820958,False,False,1519.577978515625,1502.10048828125,1491.4056620279948,2.0617434219230457,8.641956139413393
2026-06-08,1554.47998046875,False,1.3965464675315342,False,False,1529.1059814453124,1506.7969848632813,1492.2844950358074,3.1645268794983084,9.529218270272668
2026-06-09,1528.8800048828125,False,-1.6468514170390192,True,False,1532.627978515625,1509.518487548828,1492.9506612141927,1.2826286987331903,11.485601583477942
2026-06-10,1525.81005859375,False,-0.20079707231815958,False,False,1534.4699951171874,1511.159490966797,1493.6329956054688,0.9694918183374535,10.825286464959037
2026-06-11,1525.050048828125,False,-0.049810247438364375,False,False,1533.4580078125,1512.9199951171875,1493.962996419271,0.8017643860935175,10.77671287501749
2026-06-12,1517.3800048828125,False,-0.5029371954845874,False,False,1530.32001953125,1514.1219970703125,1494.4219970703125,0.2151747229618195,10.987699663653862
2026-06-15,1509.5,False,-0.5193165098693275,False,False,1521.3240234375,1514.7394958496093,1494.510164388021,-0.3459007878229614,11.168401799714934
2026-06-16,1513.31005859375,False,0.2524053391023573,False,False,1518.2100341796875,1515.7890014648438,1494.9759989420572,-0.16354142091663526,11.104768748198618
2026-06-17,1510.9599609375,False,-0.1552951850748885,False,False,1515.2400146484374,1515.9445007324218,1495.2034973144532,-0.3288075383045763,10.517299658048556
2026-06-18,1525.4200439453125,False,0.9570129839072905,False,False,1515.314013671875,1517.227001953125,1495.6109985351563,0.5400010665273403,10.815910513493922
2026-06-19,1537.56005859375,False,0.7958473272082323,False,False,1519.3500244140625,1518.8850036621093,1496.0976664225261,1.2295239525450752,11.083249020540146
2026-06-22,1531.3299560546875,False,-0.4051940933455622,False,False,1523.716015625,1519.8100036621095,1496.50283203125,0.7579863512425788,11.094419579662391
2026-06-23,1539.050048828125,False,0.5041429995484181,False,False,1528.864013671875,1521.0230041503905,1496.884832763672,1.1851921127125964,11.20331726776885
2026-06-24,1535.25,False,-0.2469087234049594,False,False,1533.722021484375,1522.5135070800782,1497.4168334960937,0.8365438375879108,10.971537778347702
2026-06-25,1542.760009765625,False,0.48917178085816637,False,False,1537.1900146484375,1524.4960083007813,1497.9280008951823,1.1980353746679162,11.010968023568216
2026-06-26,1546.47998046875,False,0.24112439261956276,False,False,1538.9739990234375,1527.0555053710937,1498.5490010579426,1.2720215492714404,10.740630088812756
2026-06-29,1535.239990234375,False,-0.7268112343082556,False,False,1539.756005859375,1528.4755065917968,1498.982000732422,0.44256408515577217,10.942999108302272
2026-06-30,1541.72998046875,False,0.42273457411594606,False,False,1540.2919921875,1529.9985046386719,1499.5466674804688,0.7667638755535,10.983412690352699
2026-07-01,1548.6099853515625,False,0.44625226012149355,False,False,1542.9639892578125,1531.5990051269532,1500.3713338216146,1.110668012166749,11.016698435876949
2026-07-02,1551.81005859375,False,0.2066416510585256,False,False,1544.7739990234375,1532.6840087890625,1501.6081685384115,1.247879516913497,10.631866577974415
2026-07-03,1542.1300048828125,False,-0.6237911435958532,False,False,1543.90400390625,1533.13701171875,1502.7556681315104,0.5865746567543129,10.900983704846887
2026-07-06,1531.0,False,-0.721729351453626,False,False,1543.056005859375,1531.9630126953125,1503.5693339029947,-0.06286135417971073,9.93370443694073
2026-07-07,1528.760009765625,False,-0.14630896370836366,False,False,1540.46201171875,1531.957012939453,1504.43466796875,-0.20868752496480125,8.028175847510786
2026-07-08,1519.8599853515625,False,-0.5821727646726504,False,False,1534.71201171875,1531.6595092773437,1505.2753336588542,-0.7703751293489769,8.265828416652363
2026-07-09,1503.3499755859375,False,-1.0862849160283683,False,False,1525.0199951171876,1530.5745056152343,1505.7634989420574,-1.7787131517882915,9.095473410250444
2026-07-10,1505.9100341796875,False,0.17029026077259868,False,False,1517.7760009765625,1530.0010070800781,1506.229998779297,-1.5745723557638036,8.983772432047065
2026-07-13,1498.47998046875,False,-0.4933929346572774,False,False,1511.2719970703124,1529.4500061035155,1506.785498046875,-2.02491258368529,8.965743713126415
2026-07-14,1497.699951171875,False,-0.05205470256806066,False,False,1505.0599853515625,1528.669500732422,1507.2594970703126,-2.0259153169281285,8.901149927493446
2026-07-15,1487.8800048828125,False,-0.6556684655947831,False,False,1498.6639892578125,1527.5155029296875,1507.2941630045573,-2.5947689546100383,9.1530487166177
2026-07-16,1486.199951171875,False,-0.11291594116622505,False,False,1495.233984375,1525.5544982910155,1507.4314961751302,-2.5796880519985965,8.300735426815828
2026-07-17,1478.8499755859375,False,-0.49454823223092914,False,False,1489.82197265625,1522.618994140625,1507.4131632486979,-2.874587715188137,7.630911463751485
2026-07-20,1487.3900146484375,False,0.5774783922295024,False,False,1487.6039794921876,1520.4219970703125,1507.6248311360678,-2.172553572989866,8.05458994324507
2026-07-21,1475.010009765625,False,-0.832330778134116,False,False,1483.0659912109375,1517.2199951171874,1507.6583312988282,-2.7820609725290435,8.024702673410149
2026-07-22,1479.719970703125,False,0.31931721861659934,False,False,1481.433984375,1514.4434936523437,1507.7871643066405,-2.292823937952082,8.239971889204984
2026-07-23,1475.6300048828125,False,-0.27640133952974155,False,False,1479.3199951171875,1511.0869934082032,1507.5913309733073,-2.3464558083064913,7.850907551673471
2026-07-24,1474.0400390625,False,-0.10774827125034081,False,False,1478.3580078125,1507.4649963378906,1507.5918314615885,-2.217295748597181,7.6742046404548026
2026-07-27,1458.010009765625,False,-1.0874894081622233,False,False,1472.4820068359375,1503.603497314453,1507.3631652832032,-3.032281291594585,8.074942751198217
2026-07-28,1464.43994140625,False,0.4410073728957853,False,False,1470.3679931640625,1499.738995361328,1507.1696634928385,-2.3536798112376633,8.095563124523458
2026-07-29,1453.1600341796875,False,-0.7702540000193436,False,False,1465.056005859375,1494.9664978027345,1506.822998046875,-2.7964816391867653,7.844526414231951
2026-07-30,1442.280029296875,False,-0.748713467677653,False,False,1458.3860107421874,1489.4899963378907,1506.7868326822916,-3.1695390473979512,7.731834035652969
2026-07-31,1420.5999755859375,False,-1.5031792211327222,True,False,1447.697998046875,1483.4134948730468,1506.2169982910157,-4.234390445024571,8.693729476066448
2026-08-03,1435.699951171875,False,1.0629294555428492,False,False,1443.235986328125,1478.6484924316405,1505.8028299967448,-2.9045808709503795,10.043270259545176
2026-08-04,1428.5,False,-0.5014941433966191,False,False,1436.047998046875,1473.6354919433593,1505.0369974772136,-3.0628667801585574,10.041440714181945
2026-08-05,1428.4300537109375,False,-0.004896485058625277,False,False,1431.102001953125,1469.0639953613281,1503.9609985351562,-2.765974918634939,10.063311639019133
2026-08-06,1421.1600341796875,False,-0.5089517342737993,False,False,1426.8780029296875,1464.9544982910156,1502.8163330078125,-2.9894760664865516,9.672028517264877
2026-08-07,1422.300048828125,False,0.08021719025441687,False,False,1427.218017578125,1460.7739990234375,1501.6323343912761,-2.6338057920686664,9.621693546207236
2026-08-10,1407.0,False,-1.0757258175397744,False,False,1421.47802734375,1456.2,1500.129833984375,-3.3786567779151233,10.004636061170006
2026-08-11,1417.31005859375,False,0.7327689121357395,False,False,1419.2400390625,1452.1805053710937,1498.8796691894531,-2.4012474102475867,10.64317830389136
2026-08-12,1412.1800537109375,False,-0.36195360723697556,False,False,1415.9900390625,1448.3955078125,1497.2851704915365,-2.500384315348947,10.553926323001152
2026-08-13,1416.4599609375,False,0.3030709303190937,False,False,1415.0500244140626,1444.9085083007812,1495.896669514974,-1.9688822648526672,10.73190484809733
2026-08-14,1416.8499755859375,False,0.02753446332357523,False,False,1413.960009765625,1441.8085083007813,1494.4375020345053,-1.7310573887692082,10.726280842004797
2026-08-17,1415.3699951171875,False,-0.10445569356332118,False,False,1415.6340087890626,1438.2075073242188,1492.8131693522134,-1.5879149629472011,10.326479985056098
2026-08-18,1414.72998046875,False,-0.0452188933385278,False,False,1415.1179931640625,1435.193505859375,1491.1455017089843,-1.425837373641936,10.109251106939217
2026-08-19,1413.5799560546875,False,-0.08128932233990582,False,False,1415.3979736328124,1431.8865051269531,1489.614501953125,-1.278491626725864,9.931344932314088
2026-08-20,1389.4000244140625,False,-1.710545734399871,True,False,1409.985986328125,1427.5750061035155,1487.7193359375,-2.6741139012828152,11.244768947565834
2026-08-21,1390.7900390625,False,0.1000442366498211,False,False,1404.7739990234375,1423.4125061035156,1485.9776692708333,-2.291849123225509,11.315420406618037
2026-08-24,1384.97998046875,False,-0.417752387532655,False,False,1398.69599609375,1419.761004638672,1483.946669514974,-2.4497802134503366,10.930871946406103
2026-08-25,1380.760009765625,False,-0.30469542972720864,False,False,1391.902001953125,1415.5770080566406,1481.771502685547,-2.4595622910556947,10.617717676730102
2026-08-26,1381.489990234375,False,0.05286801932176122,False,False,1385.4840087890625,1411.993505859375,1479.519669596354,-2.160315574995142,10.52721695137779
2026-08-27,1383.489990234375,False,0.14477122629463768,False,False,1384.302001953125,1409.05400390625,1477.0760030110678,-1.8142678421838476,10.443769104400191
2026-08-28,1380.449951171875,False,-0.21973697561664673,False,False,1382.233984375,1407.0465026855468,1474.5323364257813,-1.890239694488316,9.2551601305225
2026-08-31,1377.1099853515625,False,-0.24194762131558578,False,False,1380.6599853515625,1404.1170043945312,1471.5761698404947,-1.9234165641783152,8.08814550253748
2026-09-01,1366.6199951171875,False,-0.761739464963429,False,False,1377.831982421875,1401.0230041503905,1468.8718363444011,-2.4555634655025305,8.264705867452596
2026-09-02,1372.8599853515625,False,0.4566002441549255,False,False,1376.1059814453124,1398.2445007324218,1466.3226684570313,-1.8154561214124176,8.580251116444877
2026-09-03,1358.3900146484375,False,-1.0540019271826573,False,False,1371.085986328125,1395.1059997558593,1463.5450012207032,-2.631770282247159,9.04858873947777
2026-09-04,1355.4100341796875,False,-0.2193759109397786,False,False,1366.0780029296875,1391.7614990234374,1460.8455017089843,-2.6119033231812194,8.977180369512206
